{
  "asOf": "2026-05-22T06:26:29.680094Z",
  "model": "google/timesfm-2.0-500m-pytorch",
  "horizon": 5,
  "frequency": "D",
  "series": {
    "^SET.BK": {
      "median": [
        1530.52099609375,
        1531.67236328125,
        1530.5009765625,
        1532.06201171875,
        1530.852783203125
      ],
      "quantiles": {
        "p10": [
          1504.9349365234375,
          1500.35595703125,
          1493.6971435546875,
          1490.8502197265625,
          1484.7225341796875
        ],
        "p25": [
          1517.42138671875,
          1515.43310546875,
          1511.424072265625,
          1510.941162109375,
          1507.4373779296875
        ],
        "p50": [
          1530.52099609375,
          1531.67236328125,
          1530.5009765625,
          1532.06201171875,
          1530.852783203125
        ],
        "p75": [
          1543.79736328125,
          1548.50244140625,
          1550.53125,
          1554.25927734375,
          1555.329345703125
        ],
        "p90": [
          1558.03759765625,
          1566.3807373046875,
          1571.843505859375,
          1578.0145263671875,
          1581.56982421875
        ]
      },
      "lastClose": 1537.1199951171875
    }
  }
}
